type, image score
no structure,0.25744800449690836
with structure,0.16065205171444633
