type, image score
no structure,0.5336706014614953
with structure,0.5149522203485104
