type, image score
no structure,0.19995662546085446
with structure,0.18813706354369986
