type, image score
no structure,0.5270006506180872
with structure,0.529332032097159
