type, image score
no structure,0.5180225421269947
with structure,0.5112152661533311
