type, image score
no structure,0.1625460854478421
with structure,0.16872695727607895
