type, image score
no structure,0.5340490132292345
with structure,0.5280850140967253
