type, image score
no structure,0.22608978529603124
with structure,0.2470180004337454
