type, image score
no structure,0.5349165040121449
with structure,0.5333983951420516
