type, image score
no structure,0.5319718781386006
with structure,0.5333668117397612
