type, image score
no structure,0.06161790017211704
with structure,0.039816408491107284
