type, image score
no structure,0.5059667240390132
with structure,0.5017211703958692
