type, image score
no structure,0.21675098369870713
with structure,0.1784148397976391
