type, image score
no structure,0.5301292861157954
with structure,0.5340078695896571
