type, image score
no structure,0.0570281124497992
with structure,0.055651176133103844
