type, image score
no structure,0.5044750430292599
with structure,0.5049913941480206
