type, image score
no structure,0.17751004016064256
with structure,0.02650602409638554
