type, image score
no structure,0.5208261617900172
with structure,0.5045897877223179
