type, text score, image score, group score
no structure,0.5495222034851039, 0.6476672287802137, 0.4502529510961214
with structure,0.5559302979201799, 0.6035975267003935, 0.43080382237211917
