type, image score
no structure,0.2547332185886403
with structure,0.21790017211703958
