type, image score
no structure,0.5316121629374642
with structure,0.5266207687894435
