type, image score
no structure,0.5289588215600938
with structure,0.5280102667113046
