type, image score
no structure,0.15368184373243396
with structure,0.11129848229342328
