type, image score
no structure,0.5344013490725127
with structure,0.5277684092186622
