type, text score, image score, group score
no structure,0.5495222034851039, 0.6476672287802137, 0.4502529510961214
with structure,0.5573917931422148, 0.5741427768409219, 0.4101180438448567
