type, image score
no structure,0.23975276512687052
with structure,0.19160702667534157
