type, image score
no structure,0.5335068314899154
with structure,0.5327477770548688
