type, image score
no structure,0.1946037099494098
with structure,0.12388982574480045
