type, image score
no structure,0.5222596964586846
with structure,0.5133783024170883
