type, image score
no structure,0.24026336346389912
with structure,0.21124874455975895
