type, image score
no structure,0.5252203995089834
with structure,0.5232674924673586
